-- phpMyAdmin SQL Dump
-- version 4.7.4
-- https://www.phpmyadmin.net/
--
-- Máy chủ: 127.0.0.1
-- Thời gian đã tạo: Th10 12, 2017 lúc 09:45 AM
-- Phiên bản máy phục vụ: 10.1.28-MariaDB
-- Phiên bản PHP: 7.0.24

SET SQL_MODE = "NO_AUTO_VALUE_ON_ZERO";
SET AUTOCOMMIT = 0;
START TRANSACTION;
SET time_zone = "+00:00";


/*!40101 SET @OLD_CHARACTER_SET_CLIENT=@@CHARACTER_SET_CLIENT */;
/*!40101 SET @OLD_CHARACTER_SET_RESULTS=@@CHARACTER_SET_RESULTS */;
/*!40101 SET @OLD_COLLATION_CONNECTION=@@COLLATION_CONNECTION */;
/*!40101 SET NAMES utf8mb4 */;

--
-- Cơ sở dữ liệu: `ml_naives_bayes`
--

-- --------------------------------------------------------

--
-- Cấu trúc bảng cho bảng `crawl`
--

CREATE TABLE `crawl` (
  `ID_Crawl` int(4) UNSIGNED NOT NULL,
  `Comment_Crawl` text CHARACTER SET utf8 COLLATE utf8_unicode_ci,
  `Rate_Crawl` int(1) NOT NULL
) ENGINE=InnoDB DEFAULT CHARSET=latin1;

--
-- Đang đổ dữ liệu cho bảng `crawl`
--

INSERT INTO `crawl` (`ID_Crawl`, `Comment_Crawl`, `Rate_Crawl`) VALUES
(1, '                                                                                                                                                                                                                                   Máy rất đẹp mượt mà nói chung tuyệt vời ,nhân viên rất nhiệt tình tôi rất vừa lòng với cách phục vụ của tgdđ.                        ', 5),
(2, '                                                                                                                                                                                                                                   Thật tuyệt không lầm khi chọn con 7 , máy mượt, pin trâu , TGDĐ phục vụ nhiệt tình                        ', 5),
(3, '                                                                                                                                                                                                                                   Lần đầu mình dùng hdh ios. Nói chung nhiều cái rất khác adroid nên mình phải hỏi bạn bè. Pin đủ dùng trong ngày , bắt wf mình thấy yếu hơn con ss mjnh đang xài vì mjh kết nối 2 điện thoại cùng 1 wf. Ip mjh thấy bảo mật cao, tải ứng dụng lâu hơn adroid, tải ứg dụg nào là đều bấm vân tay để xác nhận mới tải đc. Chụp xoá phông ánh sáng tốt thì hjh đẹp còn camera trước của máy k có câc chế độ làm đẹp hay mịn da nên khj chụp mjh thấy hiện rõ mụn và nốt ruồi rất rõ, thật ảnh. Cam sau thì ok..về loa thì loa to , nhạc phát ra to và tai phone nghe hay, rõ.về game mình chưa test nên chưa biết như thế nào. . Mình đang dần làm quen để thao tác nhanh nhẹn hơn.                        ', 4),
(4, '                                                                                                                                                                                                                                   đã mua ở điện máy xanh.nhân viên nhiệt tình phục vụ chu đáo.lần đầu sài iphone cảm giác sướng camera tạp đc.đang dần làm quen với ios. hôm nay là 15 ngày chưa thấy lỗi gì cả .còn 15 ngày nữa theo dõi máy như thế nào .con tính tiếp.hơn 25 triệu ôi cái giá phải trả . cảm ơn dienmayxanh đã mang lại cảm giác mua sắp thoả mái thân thiện vui vẻ .                        ', 5),
(5, '                                                                                                                                                                                                                                   Máy rất ok. Từ thiết kế cho tới cấu hình. Chụp ảnh rất đẹp. Samsung ngày càng chất lượng. ????????                        ', 5),
(6, '                                                                                                                                                                                                                                   Dịch trên note 8 tệ. Nhiều câu không đúng nghĩa, thành kí tự. Và không nhiều ngôn ngữ như giới thiệu                        ', 4),
(7, '                                                                                                                                                                                                                                   Camera chụp hình tuyệt vời. Pin hơi yếu mọi thứ còn lại là rất ok. Mua S8 xài chán nên đổi qua Note8 phải nói là cả 2 đúng là siêu phẩm                        ', 5),
(8, '                                                                                                                                                                                                                                   Thật tuyệt không lầm khi chọn con 7 , máy mượt, pin trâu , TGDĐ phục vụ nhiệt tình                        ', 5),
(9, '                                                                                                                                                                                                                                   Lần đầu mình dùng hdh ios. Nói chung nhiều cái rất khác adroid nên mình phải hỏi bạn bè. Pin đủ dùng trong ngày , bắt wf mình thấy yếu hơn con ss mjnh đang xài vì mjh kết nối 2 điện thoại cùng 1 wf. Ip mjh thấy bảo mật cao, tải ứng dụng lâu hơn adroid, tải ứg dụg nào là đều bấm vân tay để xác nhận mới tải đc. Chụp xoá phông ánh sáng tốt thì hjh đẹp còn camera trước của máy k có câc chế độ làm đẹp hay mịn da nên khj chụp mjh thấy hiện rõ mụn và nốt ruồi rất rõ, thật ảnh. Cam sau thì ok..về loa thì loa to , nhạc phát ra to và tai phone nghe hay, rõ.về game mình chưa test nên chưa biết như thế nào. . Mình đang dần làm quen để thao tác nhanh nhẹn hơn.                        ', 4),
(10, '                                                                                                                                                                                                                                   đã mua ở điện máy xanh.nhân viên nhiệt tình phục vụ chu đáo.lần đầu sài iphone cảm giác sướng camera tạp đc.đang dần làm quen với ios. hôm nay là 15 ngày chưa thấy lỗi gì cả .còn 15 ngày nữa theo dõi máy như thế nào .con tính tiếp.hơn 25 triệu ôi cái giá phải trả . cảm ơn dienmayxanh đã mang lại cảm giác mua sắp thoả mái thân thiện vui vẻ .                        ', 5),
(11, '                                                                                                                                                                                                                                   Con ip7+ Xài ngon mượt  Cầm trên tay nhìn khá sang tự tin hẳn Nv tư vấn nhiệt tình                         ', 5),
(12, '                                                                                                                                                                                                                                   Minh mới lấy máy hôm qua. Thật không biết phải dùng từ như thế nào mới diên ta được trên cả tuyệt vời. Pin khỏe, cảm ứng mượt, phục vụ chu đáo. Chúc tgdd ngày càng làm ăn tấn tới. Cảm ơn nhiều                        ', 5),
(13, '                                                                                                                                                                                                                                   Sản phẩm tuyệt vời, màn hình sắc nét, âm thanh 2 loa chạy cùng lúc nghe rất to. pin trâu xài lâu mới hết.                        ', 5),
(14, '                                                                                                                                                                                                                                   Thật tuyệt không lầm khi chọn con 7 , máy mượt, pin trâu , TGDĐ phục vụ nhiệt tình                        ', 5),
(15, '                                                                                                                                                                                                                                   Lần đầu mình dùng hdh ios. Nói chung nhiều cái rất khác adroid nên mình phải hỏi bạn bè. Pin đủ dùng trong ngày , bắt wf mình thấy yếu hơn con ss mjnh đang xài vì mjh kết nối 2 điện thoại cùng 1 wf. Ip mjh thấy bảo mật cao, tải ứng dụng lâu hơn adroid, tải ứg dụg nào là đều bấm vân tay để xác nhận mới tải đc. Chụp xoá phông ánh sáng tốt thì hjh đẹp còn camera trước của máy k có câc chế độ làm đẹp hay mịn da nên khj chụp mjh thấy hiện rõ mụn và nốt ruồi rất rõ, thật ảnh. Cam sau thì ok..về loa thì loa to , nhạc phát ra to và tai phone nghe hay, rõ.về game mình chưa test nên chưa biết như thế nào. . Mình đang dần làm quen để thao tác nhanh nhẹn hơn.                        ', 4),
(16, '                                                                                                                                                                                                                                   đã mua ở điện máy xanh.nhân viên nhiệt tình phục vụ chu đáo.lần đầu sài iphone cảm giác sướng camera tạp đc.đang dần làm quen với ios. hôm nay là 15 ngày chưa thấy lỗi gì cả .còn 15 ngày nữa theo dõi máy như thế nào .con tính tiếp.hơn 25 triệu ôi cái giá phải trả . cảm ơn dienmayxanh đã mang lại cảm giác mua sắp thoả mái thân thiện vui vẻ .                        ', 5),
(17, '                                                                                                                                                                                                                                   Đã mua được gần 1 tháng chưa thấy lỗi gì. Hiệu năng tốt và ổn hơn mấy con android từng dùng. Nhân viên bán hàng nhiệt tình.                        ', 5),
(18, '                                                                                                                                                                                                                                   Mấy hôm trước vì có việc cần gấp nên định mua con 7 128gb đen nhám, thế mà lại hết hàng, chỉ còn lại đen nhám 256gb. Mà tính ra, cũng may mắn vì ngày ấy hết con kia nên mua được con này. Xài phê lắm lắm luôn. Thích quá.                        ', 5),
(19, '                                                                                                                                                                                                                                   Nói chung là rất tốt, hiệu năng mượt mà, chụp hình đẹp, pin trâu, mình sử dụng mấy đời android rồi giờ sử dụng iPhone thấy hài lòng hơn nhiều, lướt web và facebook không còn tình trạng giựt giựt nữa.                        ', 5),
(20, '                                                                                                                                                                                                                                   Mua máy được hơn 2 tháng, máy có camera khá sắc nét, pin của máy Cũng khá lâu, cầm mấy rất gọn và sang trọng, tuy nhiên lâu lâu máy bị chậm đôi chút nhưng khá lâu mới gặp lại chuyện như vậy. Nói chung rất hài lòng với sản phẩm                        ', 5),
(21, '                                                                                                                                                                                                                                   Cấu hình khá, camera thì xuất sắc nhưng do có lẽ hệ điều hành android nên máy có đôi khi phản hồi chậm, được nhiều ưu đãi đặc quyền nên rất tốt trong tầm giá                        ', 5),
(22, '                                                                                                                                                                                                                                   Cấu hình khá ok. Màn hình đẹp. Pin thêm nữa là ok. Hối tiếc là không có camera kép và loa ngoài chưa hay.                        ', 5),
(23, '                                                                                                                                                                                                                                   nhỏ gọn cầm vừa tay, bộ nhớ nhiều dùng rất thích, lưu được nhiều hình và tài liệu của mình. máy này đáng 5 sao.                        ', 5),
(24, '                                                                                                                                                                                                                                   Máy camera chụp tối chưa tốt lắm, máy cực mượt chơi game cực sướng. Máy cực sang, cầm khá lớn tay, nghe nhạc, xem phim ưng ý.                        ', 5),
(25, '                                                                                                                                                                                                                                   Chụp hình cứ như là máy ảnh chụp vậy, hình ảnh nét, màu thật và tươi. đồng bộ dữ liệu rất tốt                        ', 4),
(26, '                                                                                                                                                                                                                                   Máy xài mượt chụp ảnh đẹp nhưng chụp ban đêm thì không được rỏ lắm. Điểm yếu của máy là pin nhanh hết quá.                        ', 3),
(27, '                                                                                                                                                                                                                                   Sau gần 1 tháng xài máy thì cảm thấy rất êm mượt pin tuy mau hết nhưng cũng trâu hơn android rất nhiều. Máy pin chưa tới 2000 nhưng so với android thì tầm 3 ngàn mấy (vì có bạn xài cái j7 pr) so sánh nên mới biết. Có điều mau hết pin khi dùng 3g còn dùng wif thì ok lắm. Nói chung rất thích dự là sẽ mua ip8 để tiếp tục xài :))                        ', 4),
(28, '                                                                                                                                                                                                                                   máy nhỏ gọn mà cấu hình mạnh, bỏ túi không bị cấn, chơi game cũng mượt, thiết kế đẹp, mình không có gì chê hết.                        ', 5),
(29, '                                                                                                                                                                                                                                   Cầm s8 trên tay thật tuyệt vời!! Máy mượt, chụp ảnh đẹp , thích nhất mở khóa bằng móng mắt.. Good good !                        ', 5),
(30, '                                                                                                                                                                                                                                   Mình mới mua máy ở tgdd 974-976 đường 30/4 Vũng Tàu. Các bạn nhân viên dễ thương thân thiện nhiệt tình. Máy dùng rất tốt và Ưng ý. Sẽ ủng hộ tgdd những lần sau.                        ', 5),
(31, '                                                                                                                                                                                                                                   S8 quá tuyệt vời. Không có điểm nào để chê. Mành hình vô cực xem phim sướng,mặt lưng bằng kính hơi bám vân tay nhưng rất sang trọng. Đã bán iphone đi và mua em s8. Rất ưng ý .                        ', 5),
(32, '                                                                                                                                                                                                                                   Âm thanh tuyệt vời XZ premium chụp ảnh đẹp lúc trước xài XZ1 cùng cảm biến cấu hình nhưng XZ1 chụp thiếu sáng xấu kinh thua xa XZ Premium. Màn hình 4k trong và nét. Nói chung tuyệt                        ', 5),
(33, '                                                                                                                                                                                                                                   Máy màn hình siêu đẹp nha mọi người, tuy pin chỉ 3 ngàn mấy nhưng dùng dc gần 10 tiếng cho các tác vụ duyệt web xem phim youtube hoặc trên app, còn nhiều bạn nói màn 4k chỉ để cho vui là hoàn toàn sai, máy hiển thị cực nét và hơn hết là mình có thể xem những bộ phim 4k trên youtube và tự quay còn gì tuyệt hơn, âm thanh trên máy hệ thống loa kép nghe cực phê tuy ko yo lắm, chắc là do chống nước nên vậy, tự sướng góc rộng khỏi chê, cam sau khi quay 960 khung hình thì chỉ nên quay vào lúc có ánh sáng mạnh nhất                        ', 4),
(34, '                                                                                                                                                                                                                                   May thiết kế cực chất mượt mà nó chung là OK đang mua xứng đáng đồng tiền bác gạo                        ', 5),
(35, '                                                                                                                                                                                                                                   tuyệt vời nghe nhạc ok pin tốt xử lý tác vụ không có độ trễ chụp hình đẹp thiết kế lạ.ok                        ', 5),
(36, '                                                                                                                                                                                                                                   Mua em màu bạc hômg 8/8, máy đẹp nghe nhạc hay, cằm nắm thấy êm tay. Máy thằng em hỏi sao không mua s8, nhưng chắc do sở thích trước giờ không khoái Iphone, Samsung nên xài HTC là nhiều. Chỉ tiếc mua sớm mấy ngày không được khuyến mãi tai nghe.                        ', 5),
(37, '                                                                                                                                                                                                                                   các bạn muốn chân thật thì phải chỉnh độ sáng màn hình nhé. Máy tuy dễ bám vân tay nhưng cực đẹp tại sao mình không làm sạch trước khi rút máy ra.. Mình rất tâm đắt chế độ: rút máy ra, bóp là chụp, thật tuyệt...các bạn thử đi...rất tuyệt. Bắt hình động càng tuyệt: thử chụp các hạt mưa nhỏ giọt hay quạt trần đang quay, chụp ngược sáng nhớ tắt chế độ hdr rồi cham màn hình vuốt lên tăng độ sáng(quas tuyệt)...chụp các bóng đèn nhấp nháy....quá tuyệt....còn Auto boot...các bạn tự khám phá ...                        ', 5),
(38, '                                                                                                                                                                                                                                   Ngon không thể tả nỗi Sony đã trở lại và lợi hại hơn xưa từ camera đen màn hình cái gì cũng ok                        ', 5),
(39, '                                                                                                                                                                                                                                   Thiết kế: đẹp, sang trọng... kính saphire (theo chuẩn Sách Giáo Khoa thì chỉ có kim cương mới làm kính saphire trầy được) nên ko cần sài ốp và cũng ko cần dán màn hình => tận dụng đc vẻ đẹp & trải nghiệm tối ưu. Tuy đt to nhưng cầm khá vừa tay. Màn hình: độ phân giải 2k hiển thị rất đẹp. Trải nghiệm về hiệu năng thì khỏi nói rồi! Mượt lắm!. Pin: mình mở wifi 24/24 treo zalo & lướt fb (fb ko liên tục, chỉ mở khi cần) + lướt web cũng đc 1 ngày, coi phim liên tục = wifi đc 5tiếng (khẳng định luôn nhé! Mình fan cuồng anime mà). Pin sạc trong vòng 2tiếng. Sài 3G như nào thì do chưa có điều kiện nên chưa trải nghiệm đc ???? Camera: chụp rất đẹp, xóa phông cũng khá ảo. Mình chẳng có tí kinh nghiệm nào trong việc chụp hình, chỉ biết giơ lên và chụp thôi ????  Giá hơi cao nhưng so với iphone 7+ thì vẫn rẻ hơn rất nhiều!  Nói chung là hài lòng, cá nhân mình hài lòng hơn sài iphone 7+ . Ai có ý định mua 1 smartphone sài lâu dài thì đây là 1 lựa chọn tốt.                                                                                                                 ', 5),
(40, '                                                                                                                                                                                                                                   Sản phẩm dùng tốt, đẹp và cầm vừa tay dù màn hình 5.7inch. Camera chụp đẹp. Màn hình cảm ứng không cần dán màn hình dùng rất mượt.                        ', 4),
(41, '                                                                                                                                                                                                                                    Đây là một điện thoại đáng mua. Tuyệt vời. Đã sử dụng Và mọi thứ rất mượt mà. Pin xài ổn đủ sử dụng cho một ngày.                        ', 5),
(42, '                                                                                                                                                                                                                                   Máy đẹp, camera chụp ảnh đẹp, vân tay siêu nhạy, mượt mà trong mọi thao tác. Rất tốt.Sd 4 tháng r. Thấy rất ok. Phục vụ rất tốt.                         ', 5),
(43, '                                                                                                                                                                                                                                   Máy dùng rất mượt mình thích nhất khoá vân tay rất nhạy và chơi game thì hết chổ chê                        ', 5),
(44, '                                                                                                                                                                                                                                   mình mua máy dùng được 11 tháng rồi rất ổn định, không nóng máy,cầm vừa tay,camera cực nét, nói chung đáng đồng tiền, nhân viên phục vụ rất nhiệt tình, cẩm ơn Thegioididong.                        ', 5),
(45, '                                                                                                                                                                                                                                   Không biết đánh giá thế nào. Chỉ biết là xz1 nó rất ngon. Sony bữa nay khác rồi. Quá ngon.                        ', 5),
(46, '                                                                                                                                                                                                                                   Máy chạy mượt mà, màn hình đẹp, camera chụp hình rất đẹp ăn đứt iPhone 7 plus, pin trâu 1 ngày. 3d khó sử dụng do chưa quen, nói chung tốt trong tầm giá với quà tặng 3 triệu là quá ok rồi. Màu xanh đẹp nhất ,cảm ơn thế giới di động phục vụ tốt nhất.                         ', 5),
(47, '                                                                                                                                                                                                                                   Thích nhất tính năng 3D Creator của XZ1, ngoài ra cũng khá ấn tượng với công nghệ Super slowmotion 960fps. Nói chung với mức giá 16 triệu đồng thì quá hợp lý cho một siêu phẩm.                        ', 5),
(48, '                                                                                                                                                                                                                                   Đẹp sang mướt giá hợp lý. Mới mua sáng nay, cảm nhận đầu tiên về máy là rất bóng bẩy, sang trong, sau khi trãi nghiệm củng rất tuyệt, nhân viên tận tình chu đáo. ????????????                        ', 5),
(49, '                                                                                                                                                                                                                                   Htc u ultral. Mình sử dụng đc 4 ngày rồi.. Đánh giá hiệu năng tốt, máy hơi nóng khi lên mạng bằng 3g liên tục nhưng chấp nhận đc, pin đủ dùng ko trâu ko yếu - nếu ko cày game thì đủ xài tới 21h rút sạc 6h. Máy bóng bẩy cầm trơn láng khá thix , máy to nhưng ko cấn tay. Giao diện htc hay, tùy chỉnh sâu...đánh giá khá tốt, còn độ bền thì thua chưa đánh giá đc.                        ', 4),
(50, '                                                                                                                                                                                                                                   Tôi mới mua ve duoc mấy ngày rồi xài thấy OK l lắm pin mình sài thấy cũng duoc mot ngay rưỡi do len mang dieu on noi chung la ok mình thích nhất là su dung ngôn ngữ thoại khi màng hình tắt                         ', 4),
(51, '                                                                                                                                                                                                                                   Mới mua về sử dụng 1 tuần máy tốt màu đẹp,pin lâu hình ảnh màu sắc cấu hình đẹp.Nhưng hy vọng các phiên bản cập nhật ios sau của hãng apple cho iphone giữ lại các biểu tượng pin sóng điện thoại cây wifi chuẩn đẹp trên thanh trạng thái như phiên bản ios 10.3.3 thêm tính năng mới cũng được chỉ cần giữ được các chi tiết như vậy là được.Cập nhật phiên bản mới 11.0.1 thất vọng quá các biểu tượng trên thanh trạng thái pin,sóng điện thoại không được bắt mắt cho lắm.                        ', 5),
(52, '                                                                                                                                                                                                                                   Mới mua iphone 6s plus 64gb ở tgđ. Máy xài ngon tốt quá đã. Mình lỗi thời mua iphone rồi                        ', 5),
(53, '                                                                                                                                                                                                                                   máy có màn hình lớn chơi game rất đã, không bị giật lag, quyết định mua iphone không hối hận mà, sài rất sướng.                        ', 5),
(54, '                                                                                                                                                                                                                                   Mới mua iPhone 6s Plus 32GB cho vợ. Mình cũng chả dùng iphone bao giờ ( vì có 1 sim ) nên cũng chả biết. Nhưng dùng ké cũng thấy khá là ok. Đáng đồng tiền bát gạo.                        ', 5),
(55, '                                                                                                                                                                                                                                   Mua dc 1 tuần, máy mượt, vỏ ngoài nhìn sang. có điều sạc cũng hơi lâu, nghe nói sau này sạc thêm vài lần sẽ ổn hơn. Pin xài cũng ổn. Nhân viên TGDĐ tư vấn rất nhiệt tình, kiên nhẫn chờ mình test máy. không quảng cáo lôi kéo khách quá đà, mình rất ưng.                        ', 4),
(56, '                                                                                                                                                                                                                                   Mới lấy máy 6s plus 32gb hôm qua. Nói chung máy xài mượt màn hình đẹp pin tốt. Nhân viên của TGDĐ phục vụ tốt nhiệt tình.                        ', 5),
(57, '                                                                                                                                                                                                                                   Sản phẩm xài tốt! Nghe gọi rõ, camera đẹp, dung lượng pin xài k đủ, Chất lượng phục vụ tại các cửa hàng TGDĐ tốt!                        ', 5),
(58, '                                                                                                                                                                                                                                   Máy đẹp, nét, không chê vào đâu được, pin bền. Ước gì dung lượng tăng thêm thì tuyệt vời                        ', 5),
(59, '                                                                                                                                                                                                                                   Sản phẩm xài tốt! Nghe gọi rõ, camera đẹp, dung lượng pin xài k đủ, Chất lượng phục vụ tại các cửa hàng TGDĐ tốt!                        ', 5),
(60, '                                                                                                                                                                                                                                   Sản phẩm xài tốt! Nghe gọi rõ, camera đẹp, dung lượng pin xài k đủ, Chất lượng phục vụ tại các cửa hàng TGDĐ tốt!                        ', 5),
(61, '                                                                                                                                                                                                                                   Máy đẹp, nét, không chê vào đâu được, pin bền. Ước gì dung lượng tăng thêm thì tuyệt vời                        ', 5),
(62, '                                                                                                                                                                                                                                   Sản phẩm xài tốt! Nghe gọi rõ, camera đẹp, dung lượng pin xài k đủ, Chất lượng phục vụ tại các cửa hàng TGDĐ tốt!                        ', 5),
(63, '                                                                                                                                                                                                                                   Máy xài tốt, pin xài khoảng 8h nếu xem phim liên tục. Máy dung lượng cao nên lưu trữ được rất nhiều, không lo hết dung lượng. Chụp hình khá đẹp.                        ', 4),
(64, '                                                                                                                                                                                                                                   máy có bộ nhớ nhiều, lưu trữ được nhiều ứng dụng, mua máy này hỗ trợ công việc mình rất nhiều,  Hạn chế + nhược điểm: Pin hơi thấp nên dùng 1 lúc là thấy máy nóng                        ', 5),
(65, '                                                                                                                                                                                                                                   máy có bộ nhớ nhiều, lưu trữ được nhiều ứng dụng, mua máy này hỗ trợ công việc mình rất nhiều, sài rất mượt, màn hình nét vô cùng                        ', 5);

-- --------------------------------------------------------

--
-- Cấu trúc bảng cho bảng `document`
--

CREATE TABLE `document` (
  `ID_Document` int(4) UNSIGNED NOT NULL,
  `ID_Crawl` int(4) UNSIGNED NOT NULL,
  `Comment_Document` text CHARACTER SET utf8 COLLATE utf8_unicode_ci,
  `Rate_Document` int(1) NOT NULL
) ENGINE=InnoDB DEFAULT CHARSET=latin1;

--
-- Đang đổ dữ liệu cho bảng `document`
--

INSERT INTO `document` (`ID_Document`, `ID_Crawl`, `Comment_Document`, `Rate_Document`) VALUES
(1, 1, 'máy đẹp mượt tuyệt vời nhân viên nhiệt tình phục vụ tgdđ', 5),
(2, 2, 'thật tuyệt lầm chon máy mượt pin trâu tgdđ phục vụ nhiệt tình', 5),
(3, 3, 'lần đầu hdh ios adroid bè pin bắt yếu ss mnh xài mh kết nối điện thoại ip mh bảo mật tải ứng dụng adroid tải ứg dụg bấm vân xác tải đc chụp xoá phông ánh hh đẹp camera máy k câc chế độ đẹp mịn da kh chụp mh hiện mụn nốt ruồi ảnh cam okvề loa loa to nhạc phát to tai phone rõvề game test dần quen thao tác nhẹn hơn', 4),
(4, 4, 'đã mua điện máy xanhnhân viên nhiệt tình phục vụ chu đáolần đầu sài iphone cảm giác sướng camera tạp đcđang dần quen ios hôm lỗi dõi máy tiếphơn triệu ôi giá dienmayxanh cảm giác mua thoả mái thân thiện vui vẻ', 5),
(5, 5, 'máy ok thiết kế cấu hình chụp ảnh đẹp samsung chất lượng', 5),
(6, 6, 'dịch note tệ câu nghĩa thành kí ngôn ngữ giới thiệu', 4),
(7, 7, 'camera chụp hình tuyệt vời pin hơi yếu ok mua s xài chán đổi note siêu phẩm', 5),
(8, 8, 'thật tuyệt lầm chon máy mượt pin trâu tgdđ phục vụ nhiệt tình', 5),
(9, 9, 'lần đầu hdh ios adroid bè pin bắt yếu ss mnh xài mh kết nối điện thoại ip mh bảo mật tải ứng dụng adroid tải ứg dụg bấm vân xác tải đc chụp xoá phông ánh hh đẹp camera máy k câc chế độ đẹp mịn da kh chụp mh hiện mụn nốt ruồi ảnh cam okvề loa loa to nhạc phát to tai phone rõvề game test dần quen thao tác nhẹn hơn', 4),
(10, 10, 'đã mua điện máy xanhnhân viên nhiệt tình phục vụ chu đáolần đầu sài iphone cảm giác sướng camera tạp đcđang dần quen ios hôm lỗi dõi máy tiếphơn triệu ôi giá dienmayxanh cảm giác mua thoả mái thân thiện vui vẻ', 5),
(11, 11, 'con ip+ xài ngon mượt cầm hẳn nv tư vấn nhiệt tình', 5),
(12, 12, 'minh máy hôm diên ta tuyệt vời pin khỏe cảm ứng mượt phục vụ chu đáo chúc tgdd nhiều', 5),
(13, 13, 'sản phẩm tuyệt vời màn hình sắc nét âm loa chạy to pin trâu xài hết', 5),
(14, 14, 'thật tuyệt lầm chon máy mượt pin trâu tgdđ phục vụ nhiệt tình', 5),
(15, 15, 'lần đầu hdh ios adroid bè pin bắt yếu ss mnh xài mh kết nối điện thoại ip mh bảo mật tải ứng dụng adroid tải ứg dụg bấm vân xác tải đc chụp xoá phông ánh hh đẹp camera máy k câc chế độ đẹp mịn da kh chụp mh hiện mụn nốt ruồi ảnh cam okvề loa loa to nhạc phát to tai phone rõvề game test dần quen thao tác nhẹn hơn', 4),
(16, 16, 'đã mua điện máy xanhnhân viên nhiệt tình phục vụ chu đáolần đầu sài iphone cảm giác sướng camera tạp đcđang dần quen ios hôm lỗi dõi máy tiếphơn triệu ôi giá dienmayxanh cảm giác mua thoả mái thân thiện vui vẻ', 5),
(17, 17, 'đã mua lỗi hiệu năng ổn mấy android nhân viên hàng nhiệt tình', 5),
(18, 18, 'mấy hôm gấp định mua gb đen nhám hàng đen nhám gb may mắn kia mua xài phê lắm lắm quá', 5),
(19, 19, 'nói hiệu năng mượt chụp hình đẹp pin trâu mấy đời android iphone hài lướt eb acebook giựt giựt nữa', 5),
(20, 20, 'mua máy máy camera sắc nét pin máy cầm mấy gọn trọng nhiên lâu máy chậm đôi chút hài sản phẩm', 5),
(21, 21, 'cấu hình camera xuất sắc lẽ hệ hành android máy đôi phản hồi chậm ưu đãi đặc quyền tầm giá', 5),
(22, 22, 'cấu hình ok màn hình đẹp pin ok hối tiếc camera kép loa hay', 5),
(23, 23, 'nhỏ gọn cầm lưu hình tài liệu máy sao', 5),
(24, 24, 'máy camera chụp tối lắm máy cực mượt game cực sướng máy cực cầm nhạc phim ưng ý', 5),
(25, 25, 'chụp hình máy ảnh chụp hình ảnh nét màu tươi đồng liệu tốt', 4),
(26, 26, 'máy xài mượt chụp ảnh đẹp chụp ban đêm rỏ lắm yếu máy pin quá', 3),
(27, 27, 'sau xài máy êm mượt pin mau trâu android máy pin android tầm ngàn mấy (vì xài pr) sánh mau pin g i ok lắm dự mua ip xài ))', 4),
(28, 28, 'máy gọn cấu hình túi cấn game mượt thiết kế đẹp chê hết', 5),
(29, 29, 'cầm s tuyệt vời máy mượt chụp ảnh đẹp khóa móng mắt good good', 5),
(30, 30, 'mình mua máy tgdd - đường vũng tàu nhân viên thương thân thiện nhiệt tình máy ưng ủng hộ tgdd sau', 5),
(31, 31, 's tuyệt vời chê mành hình vô cực phim sướngmặt lưng kính hơi bám vân trọng iphone đi mua s ưng ý', 5),
(32, 32, 'âm tuyệt vời x premium chụp ảnh đẹp xài x cảm biến cấu hình x chụp xấu kinh thua x premium màn hình k nét tuyệt', 5),
(33, 33, 'máy màn hình siêu đẹp nha pin ngàn mấy dc tiếng tác vụ duyệt eb phim youtube app màn k vui sai máy hiển thị cực nét thể phim k youtube tuyệt âm máy hệ thống loa kép cực phê ko yo lắm chống sướng góc rộng chê cam khung hình ánh nhất', 4),
(34, 34, 'may thiết kế cực chất mượt ok mua xứng đồng tiền gạo', 5),
(35, 35, 'tuyệt vời nhạc ok pin tác vụ độ trễ chụp hình đẹp thiết kế lạok', 5),
(36, 36, 'mua màu bạc hômg máy đẹp nhạc cằm nắm êm máy thằng mua s sở khoái iphone samsung xài htc tiếc mua mấy khuyến mãi tai nghe', 5),
(37, 37, 'các chân chỉnh độ màn hình máy bám vân cực đẹp sạch rút máy tâm đắt chế độ rút máy bóp chụp tuyệtcác thử đirất tuyệt bắt hình động tuyệt thử chụp hạt mưa giọt quạt trần chụp ngược tắt chế độ hdr cham màn hình vuốt độ sáng(quas tuyệt)chụp bóng đèn nhấp nháyquá tuyệtcòn auto bootcác khám phá', 5),
(38, 38, 'ngon thể tả nỗi sony trở lợi hại xưa camera đen màn hình ok', 5),
(39, 39, 'thiết kế đẹp trọng kính saphire (theo chuẩn sách giáo khoa kim cương kính saphire trầy được) ko sài ốp ko dán màn hình tận dụng đc vẻ đẹp trải nghiệm tối ưu đt to cầm màn hình độ phân giải k hiển thị đẹp trải nghiệm hiệu năng mượt lắm pin ii treo alo lướt b (b ko liên tục cần) + lướt eb đc coi phim liên tục ii đc tiếng (khẳng định an cuồng anime mà) pin sạc vòng tiếng sài g kiện trải nghiệm đc camera chụp đẹp xóa phông ảo chẳng tí kinh nghiệm chụp hình giơ chụp giá hơi iphone + rẻ hài hài sài iphone + định mua smartphone sài lựa tốt', 5),
(40, 40, 'sản phẩm đẹp cầm màn hình inch camera chụp đẹp màn hình cảm ứng dán màn hình mượt', 4),
(41, 41, 'đây điện thoại mua tuyệt vời mượt pin xài ổn ngày', 5),
(42, 42, 'may đep camera chup đep vân siêu nhay mươt ma moi thao tac tốtsd r ok phục vụ tốt', 5),
(43, 43, 'máy mượt khoá vân nhạy game chổ chê', 5),
(44, 44, 'mình mua máy ổn định nóng máycầm taycamera cực nét đồng tiền nhân viên phục vụ nhiệt tình cẩm ơn thegioididong', 5),
(45, 45, 'không x ngon sony bữa ngon', 5),
(46, 46, 'máy chạy mượt màn hình đẹp camera chụp hình đẹp đứt iphone plus pin trâu d quen tầm giá quà tặng triệu ok màu xanh đẹp giới di động phục vụ nhất', 5),
(47, 47, 'thích năng d creator x ấn tượng công nghệ super slomotion ps giá triệu đồng hợp lý siêu phẩm', 5),
(48, 48, 'đẹp mướt giá hợp lý mua cảm máy bóng bẩy trãi nghiệm củng tuyệt nhân viên tận tình chu đáo', 5),
(49, 49, 'htc u ultral đc hiệu năng máy hơi nóng mạng g liên tục chấp đc pin ko trâu ko yếu - ko cày game xài h rút sạc h máy bóng bẩy cầm trơn láng thix máy to ko cấn giao diện htc tùy chỉnh sâuđánh giá độ bền thua đc', 4),
(50, 50, 'tôi mua ve duoc mấy xài ok l lắm pin sài duoc mot rưỡi len dieu on noi la ok su dung ngôn ngữ thoại màng hình tắt', 4),
(51, 51, 'mới mua tuần máy màu đẹppin hình ảnh màu sắc cấu hình đẹpnhưng hy vọng phiên cập nhật ios hãng apple iphone biểu tượng pin sóng điện thoại ii chuẩn đẹp trạng thái phiên ios năng được chi tiết đượccập nhật phiên thất vọng biểu tượng trạng thái pinsóng điện thoại bắt mắt lắm', 5),
(52, 52, 'mới mua iphone s plus gb tgđ máy xài ngon lỗi thời mua iphone rồi', 5),
(53, 53, 'máy màn hình game giật lag quyết định mua iphone hối hận sài sướng', 5),
(54, 54, 'mới mua iphone s plus gb vợ chả iphone ( sim ) chả ké ok đồng tiền bát gạo', 5),
(55, 55, 'mua dc tuần máy mượt vỏ sạc hơi sạc ổn pin xài ổn nhân viên tgdđ tư vấn nhiệt tình kiên nhẫn chờ test máy quảng cáo lôi kéo đà ưng', 4),
(56, 56, 'mới máy s plus gb hôm máy xài mượt màn hình đẹp pin nhân viên tgdđ phục vụ nhiệt tình', 5),
(57, 57, 'sản phẩm xài gọi camera đẹp dung pin xài k chất phục vụ cửa hàng tgdđ tốt', 5),
(58, 58, 'máy đẹp nét chê pin bền ước dung tuyệt vời', 5),
(59, 59, 'sản phẩm xài gọi camera đẹp dung pin xài k chất phục vụ cửa hàng tgdđ tốt', 5),
(60, 60, 'sản phẩm xài gọi camera đẹp dung pin xài k chất phục vụ cửa hàng tgdđ tốt', 5),
(61, 61, 'máy đẹp nét chê pin bền ước dung tuyệt vời', 5),
(62, 62, 'sản phẩm xài gọi camera đẹp dung pin xài k chất phục vụ cửa hàng tgdđ tốt', 5),
(63, 63, 'máy xài pin xài h phim liên tục máy dung lưu trữ lo dung chụp hình đẹp', 4),
(64, 64, 'máy lưu trữ ứng dụng mua máy công hạn chế + nhược pin hơi máy nóng', 5),
(65, 65, 'máy lưu trữ ứng dụng mua máy công sài mượt màn hình nét vô cùng', 5);

-- --------------------------------------------------------

--
-- Cấu trúc bảng cho bảng `doc_key`
--

CREATE TABLE `doc_key` (
  `ID_Document` int(4) UNSIGNED NOT NULL,
  `ID_key` int(4) UNSIGNED NOT NULL,
  `frequency` int(3) DEFAULT NULL,
  `rate` int(1) NOT NULL
) ENGINE=InnoDB DEFAULT CHARSET=latin1;

--
-- Đang đổ dữ liệu cho bảng `doc_key`
--

INSERT INTO `doc_key` (`ID_Document`, `ID_key`, `frequency`, `rate`) VALUES
(1, 1, 1, 5),
(1, 2, 1, 5),
(1, 3, 1, 5),
(1, 4, 1, 5),
(1, 5, 1, 5),
(1, 6, 1, 5),
(1, 7, 1, 5),
(1, 8, 1, 5),
(1, 9, 1, 5),
(1, 10, 1, 5),
(1, 11, 1, 5),
(1, 12, 1, 5),
(2, 1, 1, 5),
(2, 3, 1, 5),
(2, 4, 1, 5),
(2, 8, 1, 5),
(2, 9, 1, 5),
(2, 10, 1, 5),
(2, 11, 1, 5),
(2, 12, 1, 5),
(2, 13, 1, 5),
(2, 15, 1, 5),
(2, 16, 1, 5),
(2, 19, 1, 5),
(2, 20, 1, 5),
(3, 1, 1, 4),
(3, 2, 2, 4),
(3, 19, 1, 4),
(3, 26, 1, 4),
(3, 27, 1, 4),
(3, 28, 1, 4),
(3, 29, 1, 4),
(3, 30, 2, 4),
(3, 31, 1, 4),
(3, 33, 1, 4),
(3, 34, 1, 4),
(3, 35, 1, 4),
(3, 36, 1, 4),
(3, 37, 1, 4),
(3, 38, 3, 4),
(3, 39, 1, 4),
(3, 40, 1, 4),
(3, 41, 1, 4),
(3, 42, 1, 4),
(3, 43, 1, 4),
(3, 44, 1, 4),
(3, 45, 1, 4),
(3, 46, 3, 4),
(3, 47, 1, 4),
(3, 48, 1, 4),
(3, 49, 1, 4),
(3, 50, 1, 4),
(3, 51, 1, 4),
(3, 52, 1, 4),
(3, 53, 1, 4),
(3, 54, 1, 4),
(3, 55, 2, 4),
(3, 56, 1, 4),
(3, 57, 1, 4),
(3, 58, 1, 4),
(3, 59, 1, 4),
(3, 61, 1, 4),
(3, 63, 1, 4),
(3, 64, 1, 4),
(3, 65, 1, 4),
(3, 66, 1, 4),
(3, 67, 1, 4),
(3, 68, 1, 4),
(3, 69, 1, 4),
(3, 70, 1, 4),
(3, 71, 1, 4),
(3, 72, 1, 4),
(3, 73, 1, 4),
(3, 75, 1, 4),
(3, 76, 1, 4),
(3, 77, 2, 4),
(3, 78, 2, 4),
(3, 79, 1, 4),
(3, 80, 1, 4),
(3, 82, 1, 4),
(3, 83, 1, 4),
(3, 84, 1, 4),
(3, 85, 1, 4),
(3, 86, 1, 4),
(3, 87, 1, 4),
(3, 88, 1, 4),
(3, 89, 1, 4),
(3, 90, 1, 4),
(3, 91, 1, 4),
(4, 1, 2, 5),
(4, 7, 1, 5),
(4, 8, 1, 5),
(4, 9, 1, 5),
(4, 10, 1, 5),
(4, 11, 1, 5),
(4, 27, 1, 5),
(4, 29, 1, 5),
(4, 41, 1, 5),
(4, 61, 1, 5),
(4, 86, 1, 5),
(4, 87, 1, 5),
(4, 92, 1, 5),
(4, 93, 2, 5),
(4, 96, 1, 5),
(4, 102, 1, 5),
(4, 103, 1, 5),
(4, 105, 1, 5),
(4, 106, 1, 5),
(4, 108, 2, 5),
(4, 109, 1, 5),
(4, 111, 1, 5),
(4, 112, 1, 5),
(4, 116, 1, 5),
(4, 117, 1, 5),
(4, 118, 1, 5),
(4, 119, 1, 5),
(4, 120, 1, 5),
(4, 121, 1, 5),
(4, 122, 1, 5),
(4, 123, 1, 5),
(4, 124, 1, 5),
(4, 125, 1, 5),
(4, 126, 1, 5),
(4, 127, 1, 5),
(4, 128, 1, 5),
(4, 129, 1, 5),
(5, 1, 1, 5),
(5, 2, 1, 5),
(5, 55, 1, 5),
(5, 131, 1, 5),
(5, 132, 1, 5),
(5, 133, 1, 5),
(5, 134, 1, 5),
(5, 135, 1, 5),
(5, 139, 1, 5),
(5, 140, 1, 5),
(5, 141, 1, 5),
(6, 142, 1, 4),
(6, 143, 1, 4),
(6, 144, 1, 4),
(6, 146, 1, 4),
(6, 147, 1, 4),
(6, 148, 1, 4),
(6, 149, 1, 4),
(6, 150, 1, 4),
(6, 151, 1, 4),
(6, 152, 1, 4),
(7, 4, 1, 5),
(7, 5, 1, 5),
(7, 19, 1, 5),
(7, 34, 1, 5),
(7, 37, 1, 5),
(7, 55, 1, 5),
(7, 61, 1, 5),
(7, 93, 1, 5),
(7, 131, 1, 5),
(7, 135, 1, 5),
(7, 143, 1, 5),
(7, 159, 1, 5),
(7, 163, 1, 5),
(7, 165, 1, 5),
(7, 166, 1, 5),
(7, 168, 1, 5),
(7, 169, 1, 5),
(8, 1, 1, 5),
(8, 3, 1, 5),
(8, 4, 1, 5),
(8, 8, 1, 5),
(8, 9, 1, 5),
(8, 10, 1, 5),
(8, 11, 1, 5),
(8, 12, 1, 5),
(8, 13, 1, 5),
(8, 15, 1, 5),
(8, 16, 1, 5),
(8, 19, 1, 5),
(8, 20, 1, 5),
(9, 1, 1, 4),
(9, 2, 2, 4),
(9, 19, 1, 4),
(9, 26, 1, 4),
(9, 27, 1, 4),
(9, 28, 1, 4),
(9, 29, 1, 4),
(9, 30, 2, 4),
(9, 31, 1, 4),
(9, 33, 1, 4),
(9, 34, 1, 4),
(9, 35, 1, 4),
(9, 36, 1, 4),
(9, 37, 1, 4),
(9, 38, 3, 4),
(9, 39, 1, 4),
(9, 40, 1, 4),
(9, 41, 1, 4),
(9, 42, 1, 4),
(9, 43, 1, 4),
(9, 44, 1, 4),
(9, 45, 1, 4),
(9, 46, 3, 4),
(9, 47, 1, 4),
(9, 48, 1, 4),
(9, 49, 1, 4),
(9, 50, 1, 4),
(9, 51, 1, 4),
(9, 52, 1, 4),
(9, 53, 1, 4),
(9, 54, 1, 4),
(9, 55, 2, 4),
(9, 56, 1, 4),
(9, 57, 1, 4),
(9, 58, 1, 4),
(9, 59, 1, 4),
(9, 61, 1, 4),
(9, 63, 1, 4),
(9, 64, 1, 4),
(9, 65, 1, 4),
(9, 66, 1, 4),
(9, 67, 1, 4),
(9, 68, 1, 4),
(9, 69, 1, 4),
(9, 70, 1, 4),
(9, 71, 1, 4),
(9, 72, 1, 4),
(9, 73, 1, 4),
(9, 75, 1, 4),
(9, 76, 1, 4),
(9, 77, 2, 4),
(9, 78, 2, 4),
(9, 79, 1, 4),
(9, 80, 1, 4),
(9, 82, 1, 4),
(9, 83, 1, 4),
(9, 84, 1, 4),
(9, 85, 1, 4),
(9, 86, 1, 4),
(9, 87, 1, 4),
(9, 88, 1, 4),
(9, 89, 1, 4),
(9, 90, 1, 4),
(9, 91, 1, 4),
(10, 1, 2, 5),
(10, 7, 1, 5),
(10, 8, 1, 5),
(10, 9, 1, 5),
(10, 10, 1, 5),
(10, 11, 1, 5),
(10, 27, 1, 5),
(10, 29, 1, 5),
(10, 41, 1, 5),
(10, 61, 1, 5),
(10, 86, 1, 5),
(10, 87, 1, 5),
(10, 92, 1, 5),
(10, 93, 2, 5),
(10, 96, 1, 5),
(10, 102, 1, 5),
(10, 103, 1, 5),
(10, 105, 1, 5),
(10, 106, 1, 5),
(10, 108, 2, 5),
(10, 109, 1, 5),
(10, 111, 1, 5),
(10, 112, 1, 5),
(10, 116, 1, 5),
(10, 117, 1, 5),
(10, 118, 1, 5),
(10, 119, 1, 5),
(10, 120, 1, 5),
(10, 121, 1, 5),
(10, 122, 1, 5),
(10, 123, 1, 5),
(10, 124, 1, 5),
(10, 125, 1, 5),
(10, 126, 1, 5),
(10, 127, 1, 5),
(10, 128, 1, 5),
(10, 129, 1, 5),
(11, 3, 1, 5),
(11, 8, 1, 5),
(11, 9, 1, 5),
(11, 37, 1, 5),
(11, 287, 1, 5),
(11, 288, 1, 5),
(11, 293, 1, 5),
(11, 294, 1, 5),
(11, 295, 1, 5),
(12, 1, 1, 5),
(12, 3, 1, 5),
(12, 4, 1, 5),
(12, 5, 1, 5),
(12, 10, 1, 5),
(12, 11, 1, 5),
(12, 19, 1, 5),
(12, 47, 1, 5),
(12, 102, 1, 5),
(12, 116, 1, 5),
(12, 299, 1, 5),
(12, 302, 1, 5),
(12, 303, 1, 5),
(12, 307, 1, 5),
(12, 314, 1, 5),
(12, 315, 1, 5),
(12, 316, 1, 5),
(12, 317, 1, 5),
(13, 4, 1, 5),
(13, 5, 1, 5),
(13, 19, 1, 5),
(13, 20, 1, 5),
(13, 37, 1, 5),
(13, 77, 1, 5),
(13, 78, 1, 5),
(13, 135, 1, 5),
(13, 169, 1, 5),
(13, 318, 1, 5),
(13, 322, 1, 5),
(13, 324, 1, 5),
(13, 325, 1, 5),
(13, 326, 1, 5),
(13, 328, 1, 5),
(13, 333, 1, 5),
(14, 1, 1, 5),
(14, 3, 1, 5),
(14, 4, 1, 5),
(14, 8, 1, 5),
(14, 9, 1, 5),
(14, 10, 1, 5),
(14, 11, 1, 5),
(14, 12, 1, 5),
(14, 13, 1, 5),
(14, 15, 1, 5),
(14, 16, 1, 5),
(14, 19, 1, 5),
(14, 20, 1, 5),
(15, 1, 1, 4),
(15, 2, 2, 4),
(15, 19, 1, 4),
(15, 26, 1, 4),
(15, 27, 1, 4),
(15, 28, 1, 4),
(15, 29, 1, 4),
(15, 30, 2, 4),
(15, 31, 1, 4),
(15, 33, 1, 4),
(15, 34, 1, 4),
(15, 35, 1, 4),
(15, 36, 1, 4),
(15, 37, 1, 4),
(15, 38, 3, 4),
(15, 39, 1, 4),
(15, 40, 1, 4),
(15, 41, 1, 4),
(15, 42, 1, 4),
(15, 43, 1, 4),
(15, 44, 1, 4),
(15, 45, 1, 4),
(15, 46, 3, 4),
(15, 47, 1, 4),
(15, 48, 1, 4),
(15, 49, 1, 4),
(15, 50, 1, 4),
(15, 51, 1, 4),
(15, 52, 1, 4),
(15, 53, 1, 4),
(15, 54, 1, 4),
(15, 55, 2, 4),
(15, 56, 1, 4),
(15, 57, 1, 4),
(15, 58, 1, 4),
(15, 59, 1, 4),
(15, 61, 1, 4),
(15, 63, 1, 4),
(15, 64, 1, 4),
(15, 65, 1, 4),
(15, 66, 1, 4),
(15, 67, 1, 4),
(15, 68, 1, 4),
(15, 69, 1, 4),
(15, 70, 1, 4),
(15, 71, 1, 4),
(15, 72, 1, 4),
(15, 73, 1, 4),
(15, 75, 1, 4),
(15, 76, 1, 4),
(15, 77, 2, 4),
(15, 78, 2, 4),
(15, 79, 1, 4),
(15, 80, 1, 4),
(15, 82, 1, 4),
(15, 83, 1, 4),
(15, 84, 1, 4),
(15, 85, 1, 4),
(15, 86, 1, 4),
(15, 87, 1, 4),
(15, 88, 1, 4),
(15, 89, 1, 4),
(15, 90, 1, 4),
(15, 91, 1, 4),
(16, 1, 2, 5),
(16, 7, 1, 5),
(16, 8, 1, 5),
(16, 9, 1, 5),
(16, 10, 1, 5),
(16, 11, 1, 5),
(16, 27, 1, 5),
(16, 29, 1, 5),
(16, 41, 1, 5),
(16, 61, 1, 5),
(16, 86, 1, 5),
(16, 87, 1, 5),
(16, 92, 1, 5),
(16, 93, 2, 5),
(16, 96, 1, 5),
(16, 102, 1, 5),
(16, 103, 1, 5),
(16, 105, 1, 5),
(16, 106, 1, 5),
(16, 108, 2, 5),
(16, 109, 1, 5),
(16, 111, 1, 5),
(16, 112, 1, 5),
(16, 116, 1, 5),
(16, 117, 1, 5),
(16, 118, 1, 5),
(16, 119, 1, 5),
(16, 120, 1, 5),
(16, 121, 1, 5),
(16, 122, 1, 5),
(16, 123, 1, 5),
(16, 124, 1, 5),
(16, 125, 1, 5),
(16, 126, 1, 5),
(16, 127, 1, 5),
(16, 128, 1, 5),
(16, 129, 1, 5),
(17, 6, 1, 5),
(17, 7, 1, 5),
(17, 8, 1, 5),
(17, 9, 1, 5),
(17, 92, 1, 5),
(17, 93, 1, 5),
(17, 117, 1, 5),
(17, 454, 1, 5),
(17, 455, 1, 5),
(17, 456, 1, 5),
(17, 458, 1, 5),
(17, 461, 1, 5),
(18, 9, 0, 5),
(18, 37, 1, 5),
(18, 93, 2, 5),
(18, 116, 1, 5),
(18, 461, 1, 5),
(18, 466, 1, 5),
(18, 467, 1, 5),
(18, 469, 2, 5),
(18, 470, 2, 5),
(18, 471, 2, 5),
(18, 475, 1, 5),
(18, 477, 1, 5),
(18, 479, 1, 5),
(19, 2, 1, 5),
(19, 3, 1, 5),
(19, 19, 1, 5),
(19, 20, 1, 5),
(19, 55, 1, 5),
(19, 106, 1, 5),
(19, 135, 1, 5),
(19, 454, 1, 5),
(19, 455, 1, 5),
(19, 458, 1, 5),
(19, 479, 0, 5),
(19, 493, 1, 5),
(19, 494, 1, 5),
(19, 495, 1, 5),
(19, 496, 1, 5),
(19, 497, 2, 5),
(19, 498, 1, 5),
(20, 1, 4, 5),
(20, 19, 1, 5),
(20, 61, 1, 5),
(20, 93, 1, 5),
(20, 169, 1, 5),
(20, 318, 1, 5),
(20, 324, 1, 5),
(20, 325, 1, 5),
(20, 493, 1, 5),
(20, 507, 1, 5),
(20, 508, 1, 5),
(20, 509, 1, 5),
(20, 510, 1, 5),
(20, 511, 1, 5),
(20, 513, 1, 5),
(21, 1, 1, 5),
(21, 61, 1, 5),
(21, 122, 1, 5),
(21, 134, 1, 5),
(21, 135, 1, 5),
(21, 324, 1, 5),
(21, 458, 1, 5),
(21, 511, 1, 5),
(21, 520, 1, 5),
(21, 522, 1, 5),
(21, 523, 1, 5),
(21, 524, 1, 5),
(21, 528, 1, 5),
(21, 531, 1, 5),
(21, 532, 1, 5),
(21, 533, 1, 5),
(21, 534, 1, 5),
(21, 535, 1, 5),
(22, 2, 1, 5),
(22, 19, 1, 5),
(22, 61, 1, 5),
(22, 77, 1, 5),
(22, 131, 2, 5),
(22, 134, 1, 5),
(22, 135, 2, 5),
(22, 322, 1, 5),
(22, 544, 1, 5),
(22, 546, 1, 5),
(22, 548, 1, 5),
(23, 1, 1, 5),
(23, 135, 1, 5),
(23, 507, 1, 5),
(23, 549, 1, 5),
(23, 552, 1, 5),
(23, 555, 1, 5),
(23, 557, 1, 5),
(24, 1, 3, 5),
(24, 3, 1, 5),
(24, 55, 1, 5),
(24, 61, 1, 5),
(24, 79, 1, 5),
(24, 84, 1, 5),
(24, 109, 1, 5),
(24, 561, 1, 5),
(24, 563, 3, 5),
(24, 569, 1, 5),
(24, 571, 1, 5),
(25, 1, 1, 4),
(25, 55, 2, 4),
(25, 135, 2, 4),
(25, 325, 1, 4),
(25, 555, 1, 4),
(25, 577, 1, 4),
(25, 578, 1, 4),
(25, 579, 1, 4),
(25, 581, 1, 4),
(26, 1, 2, 3),
(26, 2, 1, 3),
(26, 3, 1, 3),
(26, 19, 1, 3),
(26, 34, 1, 3),
(26, 37, 1, 3),
(26, 55, 2, 3),
(26, 479, 1, 3),
(26, 588, 1, 3),
(26, 589, 1, 3),
(26, 590, 1, 3),
(27, 1, 2, 4),
(27, 3, 1, 4),
(27, 19, 3, 4),
(27, 20, 1, 4),
(27, 37, 3, 4),
(27, 43, 1, 4),
(27, 93, 1, 4),
(27, 131, 1, 4),
(27, 458, 2, 4),
(27, 535, 1, 4),
(27, 595, 1, 4),
(27, 598, 1, 4),
(27, 605, 1, 4),
(27, 607, 1, 4),
(27, 608, 1, 4),
(27, 609, 1, 4),
(27, 610, 1, 4),
(27, 611, 1, 4),
(27, 614, 1, 4),
(27, 617, 1, 4),
(28, 1, 1, 5),
(28, 2, 1, 5),
(28, 3, 1, 5),
(28, 84, 1, 5),
(28, 132, 1, 5),
(28, 133, 1, 5),
(28, 134, 1, 5),
(28, 135, 1, 5),
(28, 333, 1, 5),
(28, 507, 1, 5),
(28, 622, 1, 5),
(28, 623, 1, 5),
(29, 1, 1, 5),
(29, 2, 1, 5),
(29, 3, 1, 5),
(29, 4, 1, 5),
(29, 5, 1, 5),
(29, 55, 1, 5),
(29, 163, 1, 5),
(29, 333, 0, 5),
(29, 640, 1, 5),
(29, 641, 1, 5),
(29, 643, 2, 5),
(30, 1, 2, 5),
(30, 6, 1, 5),
(30, 7, 1, 5),
(30, 8, 1, 5),
(30, 9, 1, 5),
(30, 93, 1, 5),
(30, 126, 1, 5),
(30, 127, 1, 5),
(30, 316, 2, 5),
(30, 595, 1, 5),
(30, 643, 0, 5),
(30, 648, 1, 5),
(30, 649, 1, 5),
(30, 650, 1, 5),
(30, 651, 1, 5),
(30, 654, 1, 5),
(30, 661, 1, 5),
(31, 4, 1, 5),
(31, 5, 1, 5),
(31, 52, 1, 5),
(31, 93, 1, 5),
(31, 106, 1, 5),
(31, 135, 1, 5),
(31, 159, 1, 5),
(31, 163, 2, 5),
(31, 508, 1, 5),
(31, 563, 1, 5),
(31, 569, 1, 5),
(31, 571, 1, 5),
(31, 667, 1, 5),
(31, 669, 1, 5),
(31, 672, 1, 5),
(31, 673, 1, 5),
(31, 674, 1, 5),
(31, 680, 1, 5),
(32, 2, 1, 5),
(32, 4, 2, 5),
(32, 5, 1, 5),
(32, 37, 1, 5),
(32, 55, 2, 5),
(32, 63, 1, 5),
(32, 134, 1, 5),
(32, 135, 2, 5),
(32, 322, 1, 5),
(32, 325, 1, 5),
(32, 326, 1, 5),
(32, 687, 4, 5),
(32, 688, 2, 5),
(32, 694, 1, 5),
(32, 697, 1, 5),
(32, 699, 1, 5),
(33, 1, 3, 4),
(33, 2, 1, 4),
(33, 4, 1, 4),
(33, 11, 1, 4),
(33, 19, 1, 4),
(33, 58, 1, 4),
(33, 63, 2, 4),
(33, 75, 1, 4),
(33, 77, 1, 4),
(33, 89, 1, 4),
(33, 109, 1, 4),
(33, 128, 1, 4),
(33, 135, 2, 4),
(33, 168, 1, 4),
(33, 322, 2, 4),
(33, 325, 1, 4),
(33, 326, 1, 4),
(33, 477, 1, 4),
(33, 495, 1, 4),
(33, 523, 1, 4),
(33, 546, 1, 4),
(33, 563, 2, 4),
(33, 569, 2, 4),
(33, 605, 1, 4),
(33, 708, 1, 4),
(33, 712, 1, 4),
(33, 713, 1, 4),
(33, 716, 1, 4),
(33, 719, 2, 4),
(33, 720, 1, 4),
(33, 725, 1, 4),
(33, 728, 1, 4),
(33, 732, 1, 4),
(33, 736, 1, 4),
(33, 737, 1, 4),
(33, 739, 1, 4),
(33, 741, 1, 4),
(33, 742, 1, 4),
(33, 745, 1, 4),
(33, 747, 1, 4),
(34, 3, 1, 5),
(34, 93, 1, 5),
(34, 131, 1, 5),
(34, 132, 1, 5),
(34, 133, 1, 5),
(34, 140, 1, 5),
(34, 563, 1, 5),
(34, 579, 1, 5),
(34, 747, 0, 5),
(34, 756, 1, 5),
(34, 758, 1, 5),
(34, 759, 1, 5),
(35, 2, 1, 5),
(35, 4, 1, 5),
(35, 5, 1, 5),
(35, 11, 1, 5),
(35, 19, 1, 5),
(35, 55, 1, 5),
(35, 66, 1, 5),
(35, 79, 1, 5),
(35, 89, 1, 5),
(35, 131, 1, 5),
(35, 132, 1, 5),
(35, 133, 1, 5),
(35, 135, 1, 5),
(35, 768, 1, 5),
(35, 774, 1, 5),
(36, 1, 2, 5),
(36, 2, 1, 5),
(36, 37, 1, 5),
(36, 79, 1, 5),
(36, 93, 3, 5),
(36, 106, 1, 5),
(36, 139, 1, 5),
(36, 163, 1, 5),
(36, 544, 1, 5),
(36, 577, 1, 5),
(36, 598, 1, 5),
(36, 777, 1, 5),
(36, 778, 1, 5),
(36, 783, 1, 5),
(36, 785, 1, 5),
(36, 787, 1, 5),
(36, 788, 1, 5),
(36, 792, 1, 5),
(36, 795, 1, 5),
(36, 798, 1, 5),
(37, 1, 3, 5),
(37, 2, 1, 5),
(37, 4, 2, 5),
(37, 33, 1, 5),
(37, 52, 1, 5),
(37, 55, 3, 5),
(37, 65, 2, 5),
(37, 66, 4, 5),
(37, 135, 3, 5),
(37, 322, 2, 5),
(37, 563, 1, 5),
(37, 798, 0, 5),
(37, 801, 1, 5),
(37, 810, 1, 5),
(37, 811, 2, 5),
(37, 813, 1, 5),
(37, 815, 1, 5),
(37, 817, 1, 5),
(37, 818, 2, 5),
(37, 819, 1, 5),
(37, 823, 1, 5),
(37, 825, 1, 5),
(37, 826, 1, 5),
(37, 827, 1, 5),
(37, 828, 1, 5),
(37, 829, 1, 5),
(37, 830, 1, 5),
(37, 832, 1, 5),
(37, 833, 1, 5),
(37, 834, 1, 5),
(37, 835, 1, 5),
(37, 837, 1, 5),
(37, 838, 1, 5),
(37, 839, 1, 5),
(37, 840, 1, 5),
(37, 841, 1, 5),
(37, 842, 1, 5),
(37, 843, 1, 5),
(38, 61, 1, 5),
(38, 131, 1, 5),
(38, 135, 1, 5),
(38, 322, 1, 5),
(38, 470, 1, 5),
(38, 728, 1, 5),
(38, 843, 0, 5),
(38, 848, 1, 5),
(38, 849, 1, 5),
(38, 852, 1, 5),
(39, 2, 4, 5),
(39, 3, 1, 5),
(39, 19, 2, 5),
(39, 48, 1, 5),
(39, 54, 4, 5),
(39, 55, 3, 5),
(39, 57, 1, 5),
(39, 61, 1, 5),
(39, 63, 1, 5),
(39, 66, 1, 5),
(39, 78, 1, 5),
(39, 93, 1, 5),
(39, 105, 4, 5),
(39, 106, 2, 5),
(39, 122, 1, 5),
(39, 129, 1, 5),
(39, 132, 1, 5),
(39, 133, 1, 5),
(39, 135, 3, 5),
(39, 159, 1, 5),
(39, 322, 2, 5),
(39, 454, 1, 5),
(39, 455, 1, 5),
(39, 467, 2, 5),
(39, 493, 2, 5),
(39, 494, 2, 5),
(39, 495, 1, 5),
(39, 508, 1, 5),
(39, 531, 1, 5),
(39, 561, 1, 5),
(39, 569, 1, 5),
(39, 581, 1, 5),
(39, 610, 1, 5),
(39, 674, 2, 5),
(39, 713, 2, 5),
(39, 725, 1, 5),
(39, 736, 3, 5),
(39, 863, 2, 5),
(39, 864, 1, 5),
(39, 865, 1, 5),
(39, 867, 1, 5),
(39, 869, 1, 5),
(39, 870, 1, 5),
(39, 871, 1, 5),
(39, 872, 1, 5),
(39, 875, 1, 5),
(39, 879, 1, 5),
(39, 883, 3, 5),
(39, 884, 4, 5),
(39, 887, 1, 5),
(39, 892, 1, 5),
(39, 901, 2, 5),
(39, 902, 1, 5),
(39, 903, 1, 5),
(39, 905, 1, 5),
(39, 906, 1, 5),
(39, 907, 2, 5),
(39, 908, 2, 5),
(39, 909, 1, 5),
(39, 910, 3, 5),
(39, 912, 1, 5),
(39, 915, 1, 5),
(39, 917, 1, 5),
(39, 919, 1, 5),
(39, 920, 1, 5),
(39, 922, 1, 5),
(39, 924, 1, 5),
(39, 929, 1, 5),
(39, 930, 1, 5),
(39, 931, 1, 5),
(39, 933, 1, 5),
(39, 937, 1, 5),
(39, 940, 1, 5),
(39, 941, 1, 5),
(40, 2, 2, 4),
(40, 3, 1, 4),
(40, 47, 1, 4),
(40, 55, 1, 4),
(40, 61, 1, 4),
(40, 135, 3, 4),
(40, 169, 1, 4),
(40, 318, 1, 4),
(40, 322, 3, 4),
(40, 949, 1, 4),
(41, 3, 1, 5),
(41, 4, 1, 5),
(41, 5, 1, 5),
(41, 19, 1, 5),
(41, 37, 1, 5),
(41, 41, 1, 5),
(41, 42, 1, 5),
(41, 93, 1, 5),
(41, 456, 1, 5),
(41, 956, 1, 5),
(41, 966, 1, 5),
(42, 10, 1, 5),
(42, 11, 1, 5),
(42, 52, 1, 5),
(42, 61, 1, 5),
(42, 88, 1, 5),
(42, 131, 1, 5),
(42, 168, 1, 5),
(42, 581, 1, 5),
(42, 966, 0, 5),
(42, 973, 1, 5),
(42, 975, 1, 5),
(42, 976, 1, 5),
(42, 979, 1, 5),
(42, 980, 1, 5),
(43, 1, 1, 5),
(43, 3, 1, 5),
(43, 52, 1, 5),
(43, 84, 1, 5),
(43, 991, 1, 5),
(44, 1, 1, 5),
(44, 6, 1, 5),
(44, 7, 1, 5),
(44, 8, 1, 5),
(44, 9, 1, 5),
(44, 10, 1, 5),
(44, 11, 1, 5),
(44, 93, 1, 5),
(44, 325, 1, 5),
(44, 456, 1, 5),
(44, 467, 1, 5),
(44, 563, 1, 5),
(44, 579, 1, 5),
(44, 758, 1, 5),
(44, 991, 0, 5),
(44, 998, 1, 5),
(44, 999, 1, 5),
(44, 1000, 1, 5),
(44, 1013, 1, 5),
(45, 687, 1, 5),
(45, 848, 1, 5),
(45, 1014, 1, 5),
(45, 1018, 1, 5),
(46, 1, 1, 5),
(46, 2, 3, 5),
(46, 3, 1, 5),
(46, 10, 1, 5),
(46, 11, 1, 5),
(46, 19, 1, 5),
(46, 20, 1, 5),
(46, 55, 1, 5),
(46, 61, 1, 5),
(46, 87, 1, 5),
(46, 106, 1, 5),
(46, 120, 1, 5),
(46, 122, 1, 5),
(46, 131, 1, 5),
(46, 135, 2, 5),
(46, 151, 1, 5),
(46, 322, 1, 5),
(46, 328, 1, 5),
(46, 535, 1, 5),
(46, 577, 1, 5),
(46, 747, 1, 5),
(46, 1027, 1, 5),
(46, 1029, 1, 5),
(46, 1032, 1, 5),
(46, 1037, 1, 5),
(46, 1041, 1, 5),
(46, 1043, 1, 5),
(47, 120, 1, 5),
(47, 122, 1, 5),
(47, 168, 1, 5),
(47, 169, 1, 5),
(47, 455, 1, 5),
(47, 579, 1, 5),
(47, 687, 1, 5),
(47, 1032, 1, 5),
(47, 1048, 1, 5),
(47, 1051, 1, 5),
(47, 1054, 1, 5),
(47, 1055, 1, 5),
(47, 1057, 1, 5),
(47, 1058, 1, 5),
(47, 1059, 1, 5),
(47, 1063, 1, 5),
(47, 1064, 1, 5),
(48, 1, 1, 5),
(48, 2, 1, 5),
(48, 4, 1, 5),
(48, 6, 1, 5),
(48, 7, 1, 5),
(48, 9, 1, 5),
(48, 93, 1, 5),
(48, 102, 1, 5),
(48, 122, 1, 5),
(48, 314, 1, 5),
(48, 835, 1, 5),
(48, 879, 1, 5),
(48, 884, 1, 5),
(48, 1063, 1, 5),
(48, 1064, 1, 5),
(48, 1076, 1, 5),
(48, 1079, 1, 5),
(49, 1, 3, 4),
(49, 19, 1, 4),
(49, 20, 1, 4),
(49, 34, 1, 4),
(49, 37, 1, 4),
(49, 54, 3, 4),
(49, 66, 1, 4),
(49, 78, 1, 4),
(49, 84, 1, 4),
(49, 122, 1, 4),
(49, 159, 1, 4),
(49, 454, 1, 4),
(49, 455, 1, 4),
(49, 610, 1, 4),
(49, 623, 1, 4),
(49, 648, 1, 4),
(49, 699, 1, 4),
(49, 736, 4, 4),
(49, 792, 2, 4),
(49, 801, 1, 4),
(49, 811, 1, 4),
(49, 835, 1, 4),
(49, 907, 1, 4),
(49, 908, 1, 4),
(49, 998, 1, 4),
(49, 1076, 1, 4),
(49, 1088, 1, 4),
(49, 1089, 1, 4),
(49, 1096, 1, 4),
(49, 1100, 1, 4),
(49, 1106, 1, 4),
(49, 1109, 2, 4),
(49, 1115, 1, 4),
(49, 1116, 1, 4),
(49, 1117, 1, 4),
(49, 1122, 1, 4),
(49, 1124, 1, 4),
(49, 1127, 1, 4),
(50, 19, 1, 4),
(50, 37, 1, 4),
(50, 42, 1, 4),
(50, 93, 1, 4),
(50, 105, 1, 4),
(50, 131, 2, 4),
(50, 135, 1, 4),
(50, 149, 1, 4),
(50, 150, 1, 4),
(50, 699, 0, 4),
(50, 829, 1, 4),
(50, 1132, 2, 4),
(50, 1136, 1, 4),
(50, 1140, 1, 4),
(50, 1142, 1, 4),
(50, 1143, 1, 4),
(50, 1146, 1, 4),
(50, 1147, 1, 4),
(51, 1, 1, 5),
(51, 2, 1, 5),
(51, 19, 1, 5),
(51, 29, 2, 5),
(51, 33, 1, 5),
(51, 41, 2, 5),
(51, 42, 2, 5),
(51, 93, 1, 5),
(51, 106, 1, 5),
(51, 134, 1, 5),
(51, 135, 2, 5),
(51, 324, 1, 5),
(51, 455, 1, 5),
(51, 577, 2, 5),
(51, 829, 0, 5),
(51, 865, 1, 5),
(51, 901, 1, 5),
(51, 1054, 2, 5),
(51, 1157, 1, 5),
(51, 1160, 1, 5),
(51, 1165, 1, 5),
(51, 1166, 1, 5),
(51, 1168, 3, 5),
(51, 1169, 1, 5),
(51, 1173, 1, 5),
(51, 1175, 2, 5),
(51, 1178, 1, 5),
(51, 1184, 2, 5),
(51, 1185, 2, 5),
(51, 1187, 1, 5),
(51, 1188, 1, 5),
(51, 1189, 1, 5),
(51, 1190, 1, 5),
(51, 1192, 1, 5),
(52, 1, 1, 5),
(52, 33, 0, 5),
(52, 37, 1, 5),
(52, 93, 2, 5),
(52, 106, 2, 5),
(52, 117, 1, 5),
(52, 163, 1, 5),
(52, 469, 1, 5),
(52, 1029, 1, 5),
(52, 1202, 1, 5),
(52, 1207, 1, 5),
(52, 1208, 1, 5),
(53, 1, 1, 5),
(53, 84, 1, 5),
(53, 93, 1, 5),
(53, 105, 1, 5),
(53, 106, 1, 5),
(53, 109, 1, 5),
(53, 135, 1, 5),
(53, 322, 1, 5),
(53, 467, 1, 5),
(53, 1213, 1, 5),
(53, 1214, 1, 5),
(53, 1215, 1, 5),
(54, 93, 1, 5),
(54, 106, 2, 5),
(54, 109, 0, 5),
(54, 131, 1, 5),
(54, 163, 1, 5),
(54, 469, 1, 5),
(54, 579, 1, 5),
(54, 758, 1, 5),
(54, 759, 1, 5),
(54, 1029, 1, 5),
(54, 1230, 2, 5),
(54, 1231, 1, 5),
(54, 1232, 1, 5),
(54, 1233, 1, 5),
(55, 1, 2, 4),
(55, 3, 1, 4),
(55, 6, 1, 4),
(55, 7, 1, 4),
(55, 8, 1, 4),
(55, 9, 1, 4),
(55, 12, 1, 4),
(55, 19, 1, 4),
(55, 37, 1, 4),
(55, 85, 1, 4),
(55, 93, 1, 4),
(55, 159, 1, 4),
(55, 295, 1, 4),
(55, 456, 2, 4),
(55, 712, 1, 4),
(55, 1157, 1, 4),
(55, 1262, 1, 4),
(55, 1263, 1, 4),
(55, 1265, 1, 4),
(56, 1, 2, 5),
(56, 2, 1, 5),
(56, 3, 1, 5),
(56, 6, 1, 5),
(56, 7, 1, 5),
(56, 8, 1, 5),
(56, 9, 1, 5),
(56, 10, 1, 5),
(56, 11, 1, 5),
(56, 12, 1, 5),
(56, 19, 1, 5),
(56, 37, 1, 5),
(56, 116, 1, 5),
(56, 135, 1, 5),
(56, 163, 1, 5),
(56, 322, 1, 5),
(56, 469, 1, 5),
(56, 1029, 1, 5),
(56, 1265, 0, 5),
(57, 2, 1, 5),
(57, 10, 1, 5),
(57, 11, 1, 5),
(57, 12, 1, 5),
(57, 19, 1, 5),
(57, 37, 2, 5),
(57, 61, 1, 5),
(57, 63, 1, 5),
(57, 140, 1, 5),
(57, 169, 1, 5),
(57, 318, 1, 5),
(57, 461, 1, 5),
(57, 581, 1, 5),
(57, 1290, 1, 5),
(57, 1299, 1, 5),
(58, 1, 1, 5),
(58, 2, 1, 5),
(58, 4, 1, 5),
(58, 5, 1, 5),
(58, 19, 1, 5),
(58, 325, 1, 5),
(58, 1127, 1, 5),
(58, 1309, 1, 5),
(59, 2, 1, 5),
(59, 10, 1, 5),
(59, 11, 1, 5),
(59, 12, 1, 5),
(59, 19, 1, 5),
(59, 37, 2, 5),
(59, 61, 1, 5),
(59, 63, 1, 5),
(59, 140, 1, 5),
(59, 169, 1, 5),
(59, 318, 1, 5),
(59, 461, 1, 5),
(59, 581, 1, 5),
(59, 1290, 1, 5),
(59, 1299, 1, 5),
(60, 2, 1, 5),
(60, 10, 1, 5),
(60, 11, 1, 5),
(60, 12, 1, 5),
(60, 19, 1, 5),
(60, 37, 2, 5),
(60, 61, 1, 5),
(60, 63, 1, 5),
(60, 140, 1, 5),
(60, 169, 1, 5),
(60, 318, 1, 5),
(60, 461, 1, 5),
(60, 581, 1, 5),
(60, 1290, 1, 5),
(60, 1299, 1, 5),
(61, 1, 1, 5),
(61, 2, 1, 5),
(61, 4, 1, 5),
(61, 5, 1, 5),
(61, 19, 1, 5),
(61, 325, 1, 5),
(61, 1127, 1, 5),
(61, 1309, 1, 5),
(62, 2, 1, 5),
(62, 10, 1, 5),
(62, 11, 1, 5),
(62, 12, 1, 5),
(62, 19, 1, 5),
(62, 37, 2, 5),
(62, 61, 1, 5),
(62, 63, 1, 5),
(62, 140, 1, 5),
(62, 169, 1, 5),
(62, 318, 1, 5),
(62, 461, 1, 5),
(62, 581, 1, 5),
(62, 1290, 1, 5),
(62, 1299, 1, 5),
(63, 1, 2, 4),
(63, 2, 1, 4),
(63, 19, 1, 4),
(63, 37, 2, 4),
(63, 55, 1, 4),
(63, 135, 1, 4),
(63, 552, 1, 4),
(63, 569, 1, 4),
(63, 907, 1, 4),
(63, 908, 1, 4),
(63, 1109, 1, 4),
(63, 1380, 1, 4),
(63, 1381, 1, 4),
(64, 1, 3, 5),
(64, 19, 1, 5),
(64, 47, 1, 5),
(64, 48, 1, 5),
(64, 65, 1, 5),
(64, 93, 1, 5),
(64, 159, 1, 5),
(64, 552, 1, 5),
(64, 910, 1, 5),
(64, 998, 1, 5),
(64, 1055, 1, 5),
(64, 1380, 1, 5),
(64, 1395, 1, 5),
(65, 1, 2, 5),
(65, 3, 1, 5),
(65, 47, 1, 5),
(65, 48, 1, 5),
(65, 93, 1, 5),
(65, 105, 1, 5),
(65, 135, 1, 5),
(65, 322, 1, 5),
(65, 325, 1, 5),
(65, 552, 1, 5),
(65, 669, 1, 5),
(65, 1055, 1, 5),
(65, 1380, 1, 5);

-- --------------------------------------------------------

--
-- Cấu trúc bảng cho bảng `keywords`
--

CREATE TABLE `keywords` (
  `ID_key` int(4) UNSIGNED NOT NULL,
  `Keyword` varchar(255) CHARACTER SET utf8 COLLATE utf8_unicode_ci DEFAULT NULL
) ENGINE=InnoDB DEFAULT CHARSET=latin1;

--
-- Đang đổ dữ liệu cho bảng `keywords`
--

INSERT INTO `keywords` (`ID_key`, `Keyword`) VALUES
(648, '-'),
(1231, '('),
(906, '(b'),
(915, '(khẳng'),
(864, '(theo'),
(607, '(vì'),
(1233, ')'),
(617, '))'),
(910, '+'),
(496, 'acebook'),
(30, 'adroid'),
(903, 'alo'),
(326, 'âm'),
(917, 'an'),
(458, 'android'),
(58, 'ánh'),
(919, 'anime'),
(929, 'ảo'),
(720, 'app'),
(1173, 'apple'),
(840, 'auto'),
(905, 'b'),
(777, 'bạc'),
(51, 'bấm'),
(588, 'ban'),
(44, 'bảo'),
(33, 'bắt'),
(1076, 'bẩy'),
(31, 'bè'),
(1127, 'bền'),
(694, 'biến'),
(1175, 'biểu'),
(835, 'bóng'),
(841, 'bootcác'),
(815, 'bóp'),
(1018, 'bữa'),
(64, 'câc'),
(75, 'cam'),
(61, 'camera'),
(623, 'cấn'),
(909, 'cần)'),
(1263, 'cáo'),
(1169, 'cập'),
(134, 'cấu'),
(1106, 'cày'),
(1230, 'chả'),
(511, 'chậm'),
(165, 'chán'),
(930, 'chẳng'),
(1100, 'chấp'),
(140, 'chất'),
(328, 'chạy'),
(65, 'chế'),
(1188, 'chi'),
(801, 'chỉnh'),
(991, 'chổ'),
(16, 'chon'),
(739, 'chống'),
(102, 'chu'),
(865, 'chuẩn'),
(315, 'chúc'),
(55, 'chụp'),
(513, 'chút'),
(912, 'coi'),
(287, 'con'),
(1055, 'công'),
(1051, 'creator'),
(1299, 'cửa'),
(563, 'cực'),
(1079, 'củng'),
(870, 'cương'),
(1032, 'd'),
(68, 'da'),
(86, 'dần'),
(712, 'dc'),
(1043, 'di'),
(142, 'dịch'),
(302, 'diên'),
(123, 'dienmayxanh'),
(1143, 'dieu'),
(118, 'dõi'),
(614, 'dự'),
(50, 'dụg'),
(48, 'dụng'),
(1132, 'duoc'),
(716, 'duyệt'),
(92, 'đã'),
(533, 'đặc'),
(532, 'đãi'),
(314, 'đáo'),
(103, 'đáolần'),
(813, 'đắt'),
(27, 'đầu'),
(956, 'đây'),
(54, 'đc'),
(112, 'đcđang'),
(589, 'đêm'),
(470, 'đen'),
(2, 'đẹp'),
(1165, 'đẹpnhưng'),
(1160, 'đẹppin'),
(680, 'đi'),
(41, 'điện'),
(467, 'định'),
(819, 'đirất'),
(66, 'độ'),
(166, 'đổi'),
(579, 'đồng'),
(887, 'đt'),
(1187, 'được'),
(872, 'được)'),
(1190, 'đượccập'),
(649, 'đường'),
(1027, 'đứt'),
(495, 'eb'),
(598, 'êm'),
(610, 'g'),
(84, 'game'),
(759, 'gạo'),
(466, 'gấp'),
(469, 'gb'),
(122, 'giá'),
(108, 'giác'),
(892, 'giải'),
(867, 'giáo'),
(1213, 'giật'),
(933, 'giơ'),
(151, 'giới'),
(825, 'giọt'),
(497, 'giựt'),
(741, 'góc'),
(1290, 'gọi'),
(507, 'gọn'),
(643, 'good'),
(1109, 'h'),
(493, 'hài'),
(293, 'hẳn'),
(461, 'hàng'),
(524, 'hành'),
(823, 'hạt'),
(548, 'hay'),
(28, 'hdh'),
(830, 'hdr'),
(523, 'hệ'),
(333, 'hết'),
(59, 'hh'),
(70, 'hiện'),
(454, 'hiệu'),
(135, 'hình'),
(661, 'hộ'),
(159, 'hơi'),
(116, 'hôm'),
(778, 'hômg'),
(91, 'hơn'),
(1063, 'hợp'),
(792, 'htc'),
(1166, 'hy'),
(611, 'i'),
(901, 'ii'),
(949, 'inch'),
(29, 'ios'),
(43, 'ip'),
(288, 'ip+'),
(106, 'iphone'),
(63, 'k'),
(133, 'kế'),
(1265, 'kéo'),
(546, 'kép'),
(39, 'kết'),
(69, 'kh'),
(842, 'khám'),
(640, 'khóa'),
(788, 'khoái'),
(307, 'khỏe'),
(1014, 'không'),
(745, 'khung'),
(795, 'khuyến'),
(148, 'kí'),
(475, 'kia'),
(924, 'kiện'),
(869, 'kim'),
(674, 'kính'),
(736, 'ko'),
(1136, 'l'),
(1146, 'la'),
(1214, 'lag'),
(15, 'lầm'),
(26, 'lần'),
(1116, 'láng'),
(774, 'lạok'),
(510, 'lâu'),
(522, 'lẽ'),
(1142, 'len'),
(907, 'liên'),
(555, 'liệu'),
(1381, 'lo'),
(77, 'loa'),
(117, 'lỗi'),
(941, 'lựa'),
(673, 'lưng'),
(141, 'lượng'),
(494, 'lướt'),
(552, 'lưu'),
(1064, 'lý'),
(975, 'ma'),
(920, 'mà)'),
(125, 'mái'),
(322, 'màn'),
(1096, 'mạng'),
(667, 'mành'),
(45, 'mật'),
(577, 'màu'),
(1, 'máy'),
(999, 'máycầm'),
(38, 'mh'),
(67, 'mịn'),
(299, 'minh'),
(36, 'mnh'),
(976, 'moi'),
(641, 'móng'),
(1140, 'mot'),
(93, 'mua'),
(71, 'mụn'),
(3, 'mượt'),
(783, 'nắm'),
(455, 'năng'),
(325, 'nét'),
(605, 'ngàn'),
(966, 'ngày'),
(798, 'nghe'),
(146, 'nghĩa'),
(884, 'nghiệm'),
(149, 'ngôn'),
(150, 'ngữ'),
(828, 'ngược'),
(708, 'nha'),
(79, 'nhạc'),
(471, 'nhám'),
(6, 'nhân'),
(837, 'nhấp'),
(747, 'nhất'),
(973, 'nhay'),
(838, 'nháyquá'),
(90, 'nhẹn'),
(509, 'nhiên'),
(8, 'nhiệt'),
(317, 'nhiều'),
(549, 'nhỏ'),
(1395, 'nhược'),
(40, 'nối'),
(998, 'nóng'),
(72, 'nốt'),
(143, 'note'),
(498, 'nữa'),
(294, 'nv'),
(121, 'ôi'),
(131, 'ok'),
(76, 'okvề'),
(456, 'ổn'),
(875, 'ốp'),
(843, 'phá'),
(169, 'phẩm'),
(528, 'phản'),
(80, 'phát'),
(477, 'phê'),
(1168, 'phiên'),
(569, 'phim'),
(82, 'phone'),
(57, 'phông'),
(10, 'phục'),
(19, 'pin'),
(1192, 'pinsóng'),
(1029, 'plus'),
(608, 'pr)'),
(688, 'premium'),
(1059, 'ps'),
(479, 'quá'),
(1262, 'quảng'),
(826, 'quạt'),
(87, 'quen'),
(534, 'quyền'),
(1215, 'quyết'),
(980, 'r'),
(937, 'rẻ'),
(590, 'rỏ'),
(1208, 'rồi'),
(742, 'rộng'),
(83, 'rõvề'),
(73, 'ruồi'),
(811, 'rút'),
(163, 's'),
(324, 'sắc'),
(810, 'sạch'),
(105, 'sài'),
(139, 'samsung'),
(318, 'sản'),
(833, 'sáng(quas'),
(609, 'sánh'),
(557, 'sao'),
(863, 'saphire'),
(595, 'sau'),
(1124, 'sâuđánh'),
(168, 'siêu'),
(1232, 'sim'),
(1058, 'slomotion'),
(940, 'smartphone'),
(787, 'sở'),
(1178, 'sóng'),
(848, 'sony'),
(35, 'ss'),
(1147, 'su'),
(109, 'sướng'),
(672, 'sướngmặt'),
(1057, 'super'),
(303, 'ta'),
(89, 'tác'),
(46, 'tải'),
(535, 'tầm'),
(879, 'tận'),
(1037, 'tặng'),
(111, 'tạp'),
(829, 'tắt'),
(651, 'tàu'),
(1000, 'taycamera'),
(144, 'tệ'),
(85, 'test'),
(316, 'tgdd'),
(12, 'tgdđ'),
(1202, 'tgđ'),
(1185, 'thái'),
(126, 'thân'),
(785, 'thằng'),
(147, 'thành'),
(88, 'thao'),
(13, 'thật'),
(728, 'thể'),
(1013, 'thegioididong'),
(725, 'thị'),
(1048, 'thích'),
(127, 'thiện'),
(132, 'thiết'),
(152, 'thiệu'),
(1117, 'thix'),
(124, 'thoả'),
(42, 'thoại'),
(1207, 'thời'),
(732, 'thống'),
(818, 'thử'),
(699, 'thua'),
(654, 'thương'),
(931, 'tí'),
(544, 'tiếc'),
(758, 'tiền'),
(713, 'tiếng'),
(119, 'tiếphơn'),
(1189, 'tiết'),
(9, 'tình'),
(78, 'to'),
(561, 'tối'),
(581, 'tốt'),
(979, 'tốtsd'),
(883, 'trải'),
(827, 'trần'),
(1184, 'trạng'),
(20, 'trâu'),
(871, 'trầy'),
(768, 'trễ'),
(902, 'treo'),
(120, 'triệu'),
(849, 'trở'),
(1115, 'trơn'),
(508, 'trọng'),
(1380, 'trữ'),
(295, 'tư'),
(1157, 'tuần'),
(908, 'tục'),
(622, 'túi'),
(578, 'tươi'),
(1054, 'tượng'),
(1122, 'tùy'),
(4, 'tuyệt'),
(834, 'tuyệt)chụp'),
(817, 'tuyệtcác'),
(839, 'tuyệtcòn'),
(1088, 'u'),
(49, 'ứg'),
(1089, 'ultral'),
(47, 'ứng'),
(1309, 'ước'),
(531, 'ưu'),
(52, 'vân'),
(129, 'vẻ'),
(7, 'viên'),
(669, 'vô'),
(5, 'vời'),
(922, 'vòng'),
(11, 'vụ'),
(128, 'vui'),
(650, 'vũng'),
(832, 'vuốt'),
(687, 'x'),
(53, 'xác'),
(37, 'xài'),
(1041, 'xanh'),
(96, 'xanhnhân'),
(697, 'xấu'),
(56, 'xoá'),
(852, 'xưa'),
(520, 'xuất'),
(756, 'xứng'),
(571, 'ý'),
(34, 'yếu'),
(737, 'yo'),
(719, 'youtube');

--
-- Chỉ mục cho các bảng đã đổ
--

--
-- Chỉ mục cho bảng `crawl`
--
ALTER TABLE `crawl`
  ADD PRIMARY KEY (`ID_Crawl`);

--
-- Chỉ mục cho bảng `document`
--
ALTER TABLE `document`
  ADD PRIMARY KEY (`ID_Document`),
  ADD KEY `ID_Crawl` (`ID_Crawl`);

--
-- Chỉ mục cho bảng `doc_key`
--
ALTER TABLE `doc_key`
  ADD PRIMARY KEY (`ID_Document`,`ID_key`),
  ADD KEY `ID_key` (`ID_key`);

--
-- Chỉ mục cho bảng `keywords`
--
ALTER TABLE `keywords`
  ADD PRIMARY KEY (`ID_key`),
  ADD UNIQUE KEY `Keyword` (`Keyword`);

--
-- AUTO_INCREMENT cho các bảng đã đổ
--

--
-- AUTO_INCREMENT cho bảng `crawl`
--
ALTER TABLE `crawl`
  MODIFY `ID_Crawl` int(4) UNSIGNED NOT NULL AUTO_INCREMENT, AUTO_INCREMENT=66;

--
-- AUTO_INCREMENT cho bảng `document`
--
ALTER TABLE `document`
  MODIFY `ID_Document` int(4) UNSIGNED NOT NULL AUTO_INCREMENT, AUTO_INCREMENT=66;

--
-- AUTO_INCREMENT cho bảng `keywords`
--
ALTER TABLE `keywords`
  MODIFY `ID_key` int(4) UNSIGNED NOT NULL AUTO_INCREMENT, AUTO_INCREMENT=1413;

--
-- Các ràng buộc cho các bảng đã đổ
--

--
-- Các ràng buộc cho bảng `document`
--
ALTER TABLE `document`
  ADD CONSTRAINT `document_ibfk_1` FOREIGN KEY (`ID_Crawl`) REFERENCES `crawl` (`ID_Crawl`);

--
-- Các ràng buộc cho bảng `doc_key`
--
ALTER TABLE `doc_key`
  ADD CONSTRAINT `doc_key_ibfk_1` FOREIGN KEY (`ID_Document`) REFERENCES `document` (`ID_Document`),
  ADD CONSTRAINT `doc_key_ibfk_2` FOREIGN KEY (`ID_key`) REFERENCES `keywords` (`ID_key`);
COMMIT;

/*!40101 SET CHARACTER_SET_CLIENT=@OLD_CHARACTER_SET_CLIENT */;
/*!40101 SET CHARACTER_SET_RESULTS=@OLD_CHARACTER_SET_RESULTS */;
/*!40101 SET COLLATION_CONNECTION=@OLD_COLLATION_CONNECTION */;
